,width,height,runtime,threshold,sigmoid_strength,coupling,refractory_period,set_seed,constant,gradient,grad_start,grad_end,normal_modes,normal_modes_config,graph,FullStateSave,stats,seed,in AF?,%time in AF
0,50,50,1000,0.25,25,0.55,10,0,False,False,0.7,0.3,True,"[0.25, 1, 0, 0.6]",False,False,False,2630919,False,0.0
1,50,50,1000,0.25,25,0.55,10,0,False,False,0.7,0.3,True,"[0.25, 1, 0, 0.6]",False,False,False,6374974,True,0.356
2,50,50,1000,0.25,25,0.55,10,0,False,False,0.7,0.3,True,"[0.25, 1, 0, 0.6]",False,False,False,8378949,False,0.0
3,50,50,1000,0.25,25,0.55,10,0,False,False,0.7,0.3,True,"[0.25, 1, 0, 0.6]",False,False,False,1273712,False,0.0
4,50,50,1000,0.25,25,0.55,10,0,False,False,0.7,0.3,True,"[0.25, 1, 0, 0.6]",False,False,False,8390264,True,0.805
5,50,50,1000,0.25,25,0.55,10,0,False,False,0.7,0.3,True,"[0.25, 1, 0, 0.6]",False,False,False,5385575,True,0.507
6,50,50,1000,0.25,25,0.55,10,0,False,False,0.7,0.3,True,"[0.25, 1, 0, 0.6]",False,False,False,4868664,True,0.085
7,50,50,1000,0.25,25,0.55,10,0,False,False,0.7,0.3,True,"[0.25, 1, 0, 0.6]",False,False,False,1895032,True,0.625
8,50,50,1000,0.25,25,0.55,10,0,False,False,0.7,0.3,True,"[0.25, 1, 0, 0.6]",False,False,False,9795937,False,0.0
9,50,50,1000,0.25,25,0.55,10,0,False,False,0.7,0.3,True,"[0.25, 1, 0, 0.6]",False,False,False,6607502,False,0.0
10,50,50,1000,0.25,25,0.55,10,0,False,False,0.7,0.3,True,"[0.25, 1, 0, 0.6]",False,False,False,6920966,True,0.021
11,50,50,1000,0.25,25,0.55,10,0,False,False,0.7,0.3,True,"[0.25, 1, 0, 0.6]",False,False,False,9980472,True,0.962
12,50,50,1000,0.25,25,0.55,10,0,False,False,0.7,0.3,True,"[0.25, 1, 0, 0.6]",False,False,False,8449865,False,0.0
13,50,50,1000,0.25,25,0.55,10,0,False,False,0.7,0.3,True,"[0.25, 1, 0, 0.6]",False,False,False,4228344,True,0.824
14,50,50,1000,0.25,25,0.55,10,0,False,False,0.7,0.3,True,"[0.25, 1, 0, 0.6]",False,False,False,4410159,True,0.97
15,50,50,1000,0.25,25,0.55,10,0,False,False,0.7,0.3,True,"[0.25, 1, 0, 0.6]",False,False,False,88302,True,0.203
16,50,50,1000,0.25,25,0.55,10,0,False,False,0.7,0.3,True,"[0.25, 1, 0, 0.6]",False,False,False,2738220,True,0.937
17,50,50,1000,0.25,25,0.55,10,0,False,False,0.7,0.3,True,"[0.25, 1, 0, 0.6]",False,False,False,9051977,True,0.829
18,50,50,1000,0.25,25,0.55,10,0,False,False,0.7,0.3,True,"[0.25, 1, 0, 0.6]",False,False,False,1745070,False,0.0
19,50,50,1000,0.25,25,0.55,10,0,False,False,0.7,0.3,True,"[0.25, 1, 0, 0.6]",False,False,False,7875986,False,0.0
20,50,50,1000,0.25,25,0.55,10,0,False,False,0.7,0.3,True,"[0.25, 1, 0, 0.6]",False,False,False,4729696,False,0.0
21,50,50,1000,0.25,25,0.55,10,0,False,False,0.7,0.3,True,"[0.25, 1, 0, 0.6]",False,False,False,3413586,False,0.0
22,50,50,1000,0.25,25,0.55,10,0,False,False,0.7,0.3,True,"[0.25, 1, 0, 0.6]",False,False,False,1611120,True,0.96
23,50,50,1000,0.25,25,0.55,10,0,False,False,0.7,0.3,True,"[0.25, 1, 0, 0.6]",False,False,False,5736251,True,0.724
24,50,50,1000,0.25,25,0.55,10,0,False,False,0.7,0.3,True,"[0.25, 1, 0, 0.6]",False,False,False,9067811,True,0.708
25,50,50,1000,0.25,25,0.55,10,0,False,False,0.7,0.3,True,"[0.25, 1, 0, 0.6]",False,False,False,2842403,False,0.0
26,50,50,1000,0.25,25,0.55,10,0,False,False,0.7,0.3,True,"[0.25, 1, 0, 0.6]",False,False,False,749290,False,0.0
27,50,50,1000,0.25,25,0.55,10,0,False,False,0.7,0.3,True,"[0.25, 1, 0, 0.6]",False,False,False,8222563,False,0.0
28,50,50,1000,0.25,25,0.55,10,0,False,False,0.7,0.3,True,"[0.25, 1, 0, 0.6]",False,False,False,4944559,True,0.831
29,50,50,1000,0.25,25,0.55,10,0,False,False,0.7,0.3,True,"[0.25, 1, 0, 0.6]",False,False,False,6385193,False,0.0
30,50,50,1000,0.25,25,0.55,10,0,False,False,0.7,0.3,True,"[0.25, 1, 0, 0.6]",False,False,False,7524654,False,0.0
31,50,50,1000,0.25,25,0.55,10,0,False,False,0.7,0.3,True,"[0.25, 1, 0, 0.6]",False,False,False,4376396,True,0.128
32,50,50,1000,0.25,25,0.55,10,0,False,False,0.7,0.3,True,"[0.25, 1, 0, 0.6]",False,False,False,7087508,True,0.662
33,50,50,1000,0.25,25,0.55,10,0,False,False,0.7,0.3,True,"[0.25, 1, 0, 0.6]",False,False,False,2168644,True,0.857
34,50,50,1000,0.25,25,0.55,10,0,False,False,0.7,0.3,True,"[0.25, 1, 0, 0.6]",False,False,False,5853384,False,0.0
35,50,50,1000,0.25,25,0.55,10,0,False,False,0.7,0.3,True,"[0.25, 1, 0, 0.6]",False,False,False,1107883,True,0.407
36,50,50,1000,0.25,25,0.55,10,0,False,False,0.7,0.3,True,"[0.25, 1, 0, 0.6]",False,False,False,4944729,True,0.633
37,50,50,1000,0.25,25,0.55,10,0,False,False,0.7,0.3,True,"[0.25, 1, 0, 0.6]",False,False,False,5565578,False,0.0
38,50,50,1000,0.25,25,0.55,10,0,False,False,0.7,0.3,True,"[0.25, 1, 0, 0.6]",False,False,False,1681282,True,0.629
39,50,50,1000,0.25,25,0.55,10,0,False,False,0.7,0.3,True,"[0.25, 1, 0, 0.6]",False,False,False,6228269,True,0.7
40,50,50,1000,0.25,25,0.55,10,0,False,False,0.7,0.3,True,"[0.25, 1, 0, 0.6]",False,False,False,847469,True,0.325
41,50,50,1000,0.25,25,0.55,10,0,False,False,0.7,0.3,True,"[0.25, 1, 0, 0.6]",False,False,False,1501401,True,0.216
42,50,50,1000,0.25,25,0.55,10,0,False,False,0.7,0.3,True,"[0.25, 1, 0, 0.6]",False,False,False,1768419,True,0.032
43,50,50,1000,0.25,25,0.55,10,0,False,False,0.7,0.3,True,"[0.25, 1, 0, 0.6]",False,False,False,9107458,False,0.0
44,50,50,1000,0.25,25,0.55,10,0,False,False,0.7,0.3,True,"[0.25, 1, 0, 0.6]",False,False,False,8372275,True,0.028
45,50,50,1000,0.25,25,0.55,10,0,False,False,0.7,0.3,True,"[0.25, 1, 0, 0.6]",False,False,False,4473508,True,0.593
46,50,50,1000,0.25,25,0.55,10,0,False,False,0.7,0.3,True,"[0.25, 1, 0, 0.6]",False,False,False,6420782,False,0.0
47,50,50,1000,0.25,25,0.55,10,0,False,False,0.7,0.3,True,"[0.25, 1, 0, 0.6]",False,False,False,9576910,False,0.0
48,50,50,1000,0.25,25,0.55,10,0,False,False,0.7,0.3,True,"[0.25, 1, 0, 0.6]",False,False,False,2261862,False,0.0
49,50,50,1000,0.25,25,0.55,10,0,False,False,0.7,0.3,True,"[0.25, 1, 0, 0.6]",False,False,False,873110,True,0.325
50,50,50,1000,0.25,25,0.55,10,0,False,False,0.7,0.3,True,"[0.25, 1, 0.05, 0.6]",False,False,False,7543078,False,0.0
51,50,50,1000,0.25,25,0.55,10,0,False,False,0.7,0.3,True,"[0.25, 1, 0.05, 0.6]",False,False,False,2630743,False,0.0
52,50,50,1000,0.25,25,0.55,10,0,False,False,0.7,0.3,True,"[0.25, 1, 0.05, 0.6]",False,False,False,9004303,True,0.652
53,50,50,1000,0.25,25,0.55,10,0,False,False,0.7,0.3,True,"[0.25, 1, 0.05, 0.6]",False,False,False,2815377,True,0.229
54,50,50,1000,0.25,25,0.55,10,0,False,False,0.7,0.3,True,"[0.25, 1, 0.05, 0.6]",False,False,False,8418439,False,0.0
55,50,50,1000,0.25,25,0.55,10,0,False,False,0.7,0.3,True,"[0.25, 1, 0.05, 0.6]",False,False,False,8121575,False,0.0
56,50,50,1000,0.25,25,0.55,10,0,False,False,0.7,0.3,True,"[0.25, 1, 0.05, 0.6]",False,False,False,7167964,False,0.0
57,50,50,1000,0.25,25,0.55,10,0,False,False,0.7,0.3,True,"[0.25, 1, 0.05, 0.6]",False,False,False,5826146,False,0.0
58,50,50,1000,0.25,25,0.55,10,0,False,False,0.7,0.3,True,"[0.25, 1, 0.05, 0.6]",False,False,False,2047534,False,0.0
59,50,50,1000,0.25,25,0.55,10,0,False,False,0.7,0.3,True,"[0.25, 1, 0.05, 0.6]",False,False,False,6624166,True,0.957
60,50,50,1000,0.25,25,0.55,10,0,False,False,0.7,0.3,True,"[0.25, 1, 0.05, 0.6]",False,False,False,4822822,True,0.037
61,50,50,1000,0.25,25,0.55,10,0,False,False,0.7,0.3,True,"[0.25, 1, 0.05, 0.6]",False,False,False,4455904,True,0.207
62,50,50,1000,0.25,25,0.55,10,0,False,False,0.7,0.3,True,"[0.25, 1, 0.05, 0.6]",False,False,False,3950323,False,0.0
63,50,50,1000,0.25,25,0.55,10,0,False,False,0.7,0.3,True,"[0.25, 1, 0.05, 0.6]",False,False,False,2853358,False,0.0
64,50,50,1000,0.25,25,0.55,10,0,False,False,0.7,0.3,True,"[0.25, 1, 0.05, 0.6]",False,False,False,9701084,False,0.0
65,50,50,1000,0.25,25,0.55,10,0,False,False,0.7,0.3,True,"[0.25, 1, 0.05, 0.6]",False,False,False,8484895,True,0.476
66,50,50,1000,0.25,25,0.55,10,0,False,False,0.7,0.3,True,"[0.25, 1, 0.05, 0.6]",False,False,False,5635705,False,0.0
67,50,50,1000,0.25,25,0.55,10,0,False,False,0.7,0.3,True,"[0.25, 1, 0.05, 0.6]",False,False,False,4728198,False,0.0
68,50,50,1000,0.25,25,0.55,10,0,False,False,0.7,0.3,True,"[0.25, 1, 0.05, 0.6]",False,False,False,5410257,False,0.0
69,50,50,1000,0.25,25,0.55,10,0,False,False,0.7,0.3,True,"[0.25, 1, 0.05, 0.6]",False,False,False,4321993,True,0.029
70,50,50,1000,0.25,25,0.55,10,0,False,False,0.7,0.3,True,"[0.25, 1, 0.05, 0.6]",False,False,False,1942967,False,0.0
71,50,50,1000,0.25,25,0.55,10,0,False,False,0.7,0.3,True,"[0.25, 1, 0.05, 0.6]",False,False,False,3250963,False,0.0
72,50,50,1000,0.25,25,0.55,10,0,False,False,0.7,0.3,True,"[0.25, 1, 0.05, 0.6]",False,False,False,9228686,True,0.176
73,50,50,1000,0.25,25,0.55,10,0,False,False,0.7,0.3,True,"[0.25, 1, 0.05, 0.6]",False,False,False,2637856,False,0.0
74,50,50,1000,0.25,25,0.55,10,0,False,False,0.7,0.3,True,"[0.25, 1, 0.05, 0.6]",False,False,False,8131817,True,0.025
75,50,50,1000,0.25,25,0.55,10,0,False,False,0.7,0.3,True,"[0.25, 1, 0.05, 0.6]",False,False,False,5229877,False,0.0
76,50,50,1000,0.25,25,0.55,10,0,False,False,0.7,0.3,True,"[0.25, 1, 0.05, 0.6]",False,False,False,6610759,False,0.0
77,50,50,1000,0.25,25,0.55,10,0,False,False,0.7,0.3,True,"[0.25, 1, 0.05, 0.6]",False,False,False,8494714,False,0.0
78,50,50,1000,0.25,25,0.55,10,0,False,False,0.7,0.3,True,"[0.25, 1, 0.05, 0.6]",False,False,False,8905313,False,0.0
79,50,50,1000,0.25,25,0.55,10,0,False,False,0.7,0.3,True,"[0.25, 1, 0.05, 0.6]",False,False,False,899098,True,0.181
80,50,50,1000,0.25,25,0.55,10,0,False,False,0.7,0.3,True,"[0.25, 1, 0.05, 0.6]",False,False,False,4868688,True,0.758
81,50,50,1000,0.25,25,0.55,10,0,False,False,0.7,0.3,True,"[0.25, 1, 0.05, 0.6]",False,False,False,5771931,True,0.142
82,50,50,1000,0.25,25,0.55,10,0,False,False,0.7,0.3,True,"[0.25, 1, 0.05, 0.6]",False,False,False,6038009,True,0.892
83,50,50,1000,0.25,25,0.55,10,0,False,False,0.7,0.3,True,"[0.25, 1, 0.05, 0.6]",False,False,False,1472872,False,0.0
84,50,50,1000,0.25,25,0.55,10,0,False,False,0.7,0.3,True,"[0.25, 1, 0.05, 0.6]",False,False,False,1086019,True,0.359
85,50,50,1000,0.25,25,0.55,10,0,False,False,0.7,0.3,True,"[0.25, 1, 0.05, 0.6]",False,False,False,2218978,True,0.093
86,50,50,1000,0.25,25,0.55,10,0,False,False,0.7,0.3,True,"[0.25, 1, 0.05, 0.6]",False,False,False,6697064,True,0.625
87,50,50,1000,0.25,25,0.55,10,0,False,False,0.7,0.3,True,"[0.25, 1, 0.05, 0.6]",False,False,False,6897912,False,0.0
88,50,50,1000,0.25,25,0.55,10,0,False,False,0.7,0.3,True,"[0.25, 1, 0.05, 0.6]",False,False,False,6320801,True,0.044
89,50,50,1000,0.25,25,0.55,10,0,False,False,0.7,0.3,True,"[0.25, 1, 0.05, 0.6]",False,False,False,1878471,True,0.431
90,50,50,1000,0.25,25,0.55,10,0,False,False,0.7,0.3,True,"[0.25, 1, 0.05, 0.6]",False,False,False,3884287,False,0.0
91,50,50,1000,0.25,25,0.55,10,0,False,False,0.7,0.3,True,"[0.25, 1, 0.05, 0.6]",False,False,False,1024901,False,0.0
92,50,50,1000,0.25,25,0.55,10,0,False,False,0.7,0.3,True,"[0.25, 1, 0.05, 0.6]",False,False,False,6615363,False,0.0
93,50,50,1000,0.25,25,0.55,10,0,False,False,0.7,0.3,True,"[0.25, 1, 0.05, 0.6]",False,False,False,1141402,True,0.885
94,50,50,1000,0.25,25,0.55,10,0,False,False,0.7,0.3,True,"[0.25, 1, 0.05, 0.6]",False,False,False,6137373,False,0.0
95,50,50,1000,0.25,25,0.55,10,0,False,False,0.7,0.3,True,"[0.25, 1, 0.05, 0.6]",False,False,False,2421140,False,0.0
96,50,50,1000,0.25,25,0.55,10,0,False,False,0.7,0.3,True,"[0.25, 1, 0.05, 0.6]",False,False,False,9212056,False,0.0
97,50,50,1000,0.25,25,0.55,10,0,False,False,0.7,0.3,True,"[0.25, 1, 0.05, 0.6]",False,False,False,8035952,True,0.625
98,50,50,1000,0.25,25,0.55,10,0,False,False,0.7,0.3,True,"[0.25, 1, 0.05, 0.6]",False,False,False,9607483,False,0.0
99,50,50,1000,0.25,25,0.55,10,0,False,False,0.7,0.3,True,"[0.25, 1, 0.05, 0.6]",False,False,False,318218,True,0.805
100,50,50,1000,0.25,25,0.55,10,0,False,False,0.7,0.3,True,"[0.25, 1, 0.1, 0.6]",False,False,False,9001737,False,0.0
101,50,50,1000,0.25,25,0.55,10,0,False,False,0.7,0.3,True,"[0.25, 1, 0.1, 0.6]",False,False,False,6939848,False,0.0
102,50,50,1000,0.25,25,0.55,10,0,False,False,0.7,0.3,True,"[0.25, 1, 0.1, 0.6]",False,False,False,7068664,False,0.0
103,50,50,1000,0.25,25,0.55,10,0,False,False,0.7,0.3,True,"[0.25, 1, 0.1, 0.6]",False,False,False,8137859,False,0.0
104,50,50,1000,0.25,25,0.55,10,0,False,False,0.7,0.3,True,"[0.25, 1, 0.1, 0.6]",False,False,False,9678757,True,0.283
105,50,50,1000,0.25,25,0.55,10,0,False,False,0.7,0.3,True,"[0.25, 1, 0.1, 0.6]",False,False,False,8414883,False,0.0
106,50,50,1000,0.25,25,0.55,10,0,False,False,0.7,0.3,True,"[0.25, 1, 0.1, 0.6]",False,False,False,2572626,False,0.0
107,50,50,1000,0.25,25,0.55,10,0,False,False,0.7,0.3,True,"[0.25, 1, 0.1, 0.6]",False,False,False,4786399,False,0.0
108,50,50,1000,0.25,25,0.55,10,0,False,False,0.7,0.3,True,"[0.25, 1, 0.1, 0.6]",False,False,False,2601010,False,0.0
109,50,50,1000,0.25,25,0.55,10,0,False,False,0.7,0.3,True,"[0.25, 1, 0.1, 0.6]",False,False,False,710536,False,0.0
110,50,50,1000,0.25,25,0.55,10,0,False,False,0.7,0.3,True,"[0.25, 1, 0.1, 0.6]",False,False,False,1012720,True,0.657
111,50,50,1000,0.25,25,0.55,10,0,False,False,0.7,0.3,True,"[0.25, 1, 0.1, 0.6]",False,False,False,3102875,True,0.734
112,50,50,1000,0.25,25,0.55,10,0,False,False,0.7,0.3,True,"[0.25, 1, 0.1, 0.6]",False,False,False,9478828,False,0.0
113,50,50,1000,0.25,25,0.55,10,0,False,False,0.7,0.3,True,"[0.25, 1, 0.1, 0.6]",False,False,False,7602274,True,0.951
114,50,50,1000,0.25,25,0.55,10,0,False,False,0.7,0.3,True,"[0.25, 1, 0.1, 0.6]",False,False,False,5440390,False,0.0
115,50,50,1000,0.25,25,0.55,10,0,False,False,0.7,0.3,True,"[0.25, 1, 0.1, 0.6]",False,False,False,4492429,False,0.0
116,50,50,1000,0.25,25,0.55,10,0,False,False,0.7,0.3,True,"[0.25, 1, 0.1, 0.6]",False,False,False,1404556,False,0.0
117,50,50,1000,0.25,25,0.55,10,0,False,False,0.7,0.3,True,"[0.25, 1, 0.1, 0.6]",False,False,False,1546004,True,0.1
118,50,50,1000,0.25,25,0.55,10,0,False,False,0.7,0.3,True,"[0.25, 1, 0.1, 0.6]",False,False,False,6166631,True,0.85
119,50,50,1000,0.25,25,0.55,10,0,False,False,0.7,0.3,True,"[0.25, 1, 0.1, 0.6]",False,False,False,9072723,False,0.0
120,50,50,1000,0.25,25,0.55,10,0,False,False,0.7,0.3,True,"[0.25, 1, 0.1, 0.6]",False,False,False,9317303,True,0.512
121,50,50,1000,0.25,25,0.55,10,0,False,False,0.7,0.3,True,"[0.25, 1, 0.1, 0.6]",False,False,False,753690,False,0.0
122,50,50,1000,0.25,25,0.55,10,0,False,False,0.7,0.3,True,"[0.25, 1, 0.1, 0.6]",False,False,False,3384808,False,0.0
123,50,50,1000,0.25,25,0.55,10,0,False,False,0.7,0.3,True,"[0.25, 1, 0.1, 0.6]",False,False,False,7450910,False,0.0
124,50,50,1000,0.25,25,0.55,10,0,False,False,0.7,0.3,True,"[0.25, 1, 0.1, 0.6]",False,False,False,823155,False,0.0
125,50,50,1000,0.25,25,0.55,10,0,False,False,0.7,0.3,True,"[0.25, 1, 0.1, 0.6]",False,False,False,2819243,False,0.0
126,50,50,1000,0.25,25,0.55,10,0,False,False,0.7,0.3,True,"[0.25, 1, 0.1, 0.6]",False,False,False,9390682,True,0.371
127,50,50,1000,0.25,25,0.55,10,0,False,False,0.7,0.3,True,"[0.25, 1, 0.1, 0.6]",False,False,False,2366161,True,0.736
128,50,50,1000,0.25,25,0.55,10,0,False,False,0.7,0.3,True,"[0.25, 1, 0.1, 0.6]",False,False,False,8525611,False,0.0
129,50,50,1000,0.25,25,0.55,10,0,False,False,0.7,0.3,True,"[0.25, 1, 0.1, 0.6]",False,False,False,6592892,False,0.0
130,50,50,1000,0.25,25,0.55,10,0,False,False,0.7,0.3,True,"[0.25, 1, 0.1, 0.6]",False,False,False,2302097,False,0.0
131,50,50,1000,0.25,25,0.55,10,0,False,False,0.7,0.3,True,"[0.25, 1, 0.1, 0.6]",False,False,False,8622512,False,0.0
132,50,50,1000,0.25,25,0.55,10,0,False,False,0.7,0.3,True,"[0.25, 1, 0.1, 0.6]",False,False,False,7255543,False,0.0
133,50,50,1000,0.25,25,0.55,10,0,False,False,0.7,0.3,True,"[0.25, 1, 0.1, 0.6]",False,False,False,784389,False,0.0
134,50,50,1000,0.25,25,0.55,10,0,False,False,0.7,0.3,True,"[0.25, 1, 0.1, 0.6]",False,False,False,4672984,True,0.504
135,50,50,1000,0.25,25,0.55,10,0,False,False,0.7,0.3,True,"[0.25, 1, 0.1, 0.6]",False,False,False,8236470,False,0.0
136,50,50,1000,0.25,25,0.55,10,0,False,False,0.7,0.3,True,"[0.25, 1, 0.1, 0.6]",False,False,False,9016779,False,0.0
137,50,50,1000,0.25,25,0.55,10,0,False,False,0.7,0.3,True,"[0.25, 1, 0.1, 0.6]",False,False,False,1559444,True,0.325
138,50,50,1000,0.25,25,0.55,10,0,False,False,0.7,0.3,True,"[0.25, 1, 0.1, 0.6]",False,False,False,9975132,False,0.0
139,50,50,1000,0.25,25,0.55,10,0,False,False,0.7,0.3,True,"[0.25, 1, 0.1, 0.6]",False,False,False,3978555,False,0.0
140,50,50,1000,0.25,25,0.55,10,0,False,False,0.7,0.3,True,"[0.25, 1, 0.1, 0.6]",False,False,False,8120225,True,0.181
141,50,50,1000,0.25,25,0.55,10,0,False,False,0.7,0.3,True,"[0.25, 1, 0.1, 0.6]",False,False,False,5311254,True,0.43
142,50,50,1000,0.25,25,0.55,10,0,False,False,0.7,0.3,True,"[0.25, 1, 0.1, 0.6]",False,False,False,4969576,False,0.0
143,50,50,1000,0.25,25,0.55,10,0,False,False,0.7,0.3,True,"[0.25, 1, 0.1, 0.6]",False,False,False,4266273,False,0.0
144,50,50,1000,0.25,25,0.55,10,0,False,False,0.7,0.3,True,"[0.25, 1, 0.1, 0.6]",False,False,False,2777287,False,0.0
145,50,50,1000,0.25,25,0.55,10,0,False,False,0.7,0.3,True,"[0.25, 1, 0.1, 0.6]",False,False,False,5489753,True,0.095
146,50,50,1000,0.25,25,0.55,10,0,False,False,0.7,0.3,True,"[0.25, 1, 0.1, 0.6]",False,False,False,2366161,False,0.0
147,50,50,1000,0.25,25,0.55,10,0,False,False,0.7,0.3,True,"[0.25, 1, 0.1, 0.6]",False,False,False,1110949,False,0.0
148,50,50,1000,0.25,25,0.55,10,0,False,False,0.7,0.3,True,"[0.25, 1, 0.1, 0.6]",False,False,False,9788154,True,0.927
149,50,50,1000,0.25,25,0.55,10,0,False,False,0.7,0.3,True,"[0.25, 1, 0.1, 0.6]",False,False,False,9926455,False,0.0
150,50,50,1000,0.25,25,0.55,10,0,False,False,0.7,0.3,True,"[0.25, 1, 0.15, 0.6]",False,False,False,2573633,True,0.731
151,50,50,1000,0.25,25,0.55,10,0,False,False,0.7,0.3,True,"[0.25, 1, 0.15, 0.6]",False,False,False,2139223,False,0.0
152,50,50,1000,0.25,25,0.55,10,0,False,False,0.7,0.3,True,"[0.25, 1, 0.15, 0.6]",False,False,False,5842884,False,0.0
153,50,50,1000,0.25,25,0.55,10,0,False,False,0.7,0.3,True,"[0.25, 1, 0.15, 0.6]",False,False,False,63361,False,0.0
154,50,50,1000,0.25,25,0.55,10,0,False,False,0.7,0.3,True,"[0.25, 1, 0.15, 0.6]",False,False,False,8727212,True,0.7
155,50,50,1000,0.25,25,0.55,10,0,False,False,0.7,0.3,True,"[0.25, 1, 0.15, 0.6]",False,False,False,7091385,True,0.428
156,50,50,1000,0.25,25,0.55,10,0,False,False,0.7,0.3,True,"[0.25, 1, 0.15, 0.6]",False,False,False,8786154,True,0.743
157,50,50,1000,0.25,25,0.55,10,0,False,False,0.7,0.3,True,"[0.25, 1, 0.15, 0.6]",False,False,False,1470130,False,0.0
158,50,50,1000,0.25,25,0.55,10,0,False,False,0.7,0.3,True,"[0.25, 1, 0.15, 0.6]",False,False,False,6874775,False,0.0
159,50,50,1000,0.25,25,0.55,10,0,False,False,0.7,0.3,True,"[0.25, 1, 0.15, 0.6]",False,False,False,8685774,False,0.0
160,50,50,1000,0.25,25,0.55,10,0,False,False,0.7,0.3,True,"[0.25, 1, 0.15, 0.6]",False,False,False,2058902,False,0.0
161,50,50,1000,0.25,25,0.55,10,0,False,False,0.7,0.3,True,"[0.25, 1, 0.15, 0.6]",False,False,False,5430264,True,0.925
162,50,50,1000,0.25,25,0.55,10,0,False,False,0.7,0.3,True,"[0.25, 1, 0.15, 0.6]",False,False,False,3509639,False,0.0
163,50,50,1000,0.25,25,0.55,10,0,False,False,0.7,0.3,True,"[0.25, 1, 0.15, 0.6]",False,False,False,4365809,False,0.0
164,50,50,1000,0.25,25,0.55,10,0,False,False,0.7,0.3,True,"[0.25, 1, 0.15, 0.6]",False,False,False,1772716,False,0.0
165,50,50,1000,0.25,25,0.55,10,0,False,False,0.7,0.3,True,"[0.25, 1, 0.15, 0.6]",False,False,False,4430659,False,0.0
166,50,50,1000,0.25,25,0.55,10,0,False,False,0.7,0.3,True,"[0.25, 1, 0.15, 0.6]",False,False,False,4675390,False,0.0
167,50,50,1000,0.25,25,0.55,10,0,False,False,0.7,0.3,True,"[0.25, 1, 0.15, 0.6]",False,False,False,2644158,False,0.0
168,50,50,1000,0.25,25,0.55,10,0,False,False,0.7,0.3,True,"[0.25, 1, 0.15, 0.6]",False,False,False,8569816,False,0.0
169,50,50,1000,0.25,25,0.55,10,0,False,False,0.7,0.3,True,"[0.25, 1, 0.15, 0.6]",False,False,False,1992400,False,0.0
170,50,50,1000,0.25,25,0.55,10,0,False,False,0.7,0.3,True,"[0.25, 1, 0.15, 0.6]",False,False,False,8028226,True,0.955
171,50,50,1000,0.25,25,0.55,10,0,False,False,0.7,0.3,True,"[0.25, 1, 0.15, 0.6]",False,False,False,6691007,True,0.879
172,50,50,1000,0.25,25,0.55,10,0,False,False,0.7,0.3,True,"[0.25, 1, 0.15, 0.6]",False,False,False,5281684,False,0.0
173,50,50,1000,0.25,25,0.55,10,0,False,False,0.7,0.3,True,"[0.25, 1, 0.15, 0.6]",False,False,False,5708664,False,0.0
174,50,50,1000,0.25,25,0.55,10,0,False,False,0.7,0.3,True,"[0.25, 1, 0.15, 0.6]",False,False,False,1814806,True,0.857
175,50,50,1000,0.25,25,0.55,10,0,False,False,0.7,0.3,True,"[0.25, 1, 0.15, 0.6]",False,False,False,1142676,False,0.0
176,50,50,1000,0.25,25,0.55,10,0,False,False,0.7,0.3,True,"[0.25, 1, 0.15, 0.6]",False,False,False,6913795,True,0.365
177,50,50,1000,0.25,25,0.55,10,0,False,False,0.7,0.3,True,"[0.25, 1, 0.15, 0.6]",False,False,False,5411789,False,0.0
178,50,50,1000,0.25,25,0.55,10,0,False,False,0.7,0.3,True,"[0.25, 1, 0.15, 0.6]",False,False,False,5471457,True,0.283
179,50,50,1000,0.25,25,0.55,10,0,False,False,0.7,0.3,True,"[0.25, 1, 0.15, 0.6]",False,False,False,5371401,True,0.681
180,50,50,1000,0.25,25,0.55,10,0,False,False,0.7,0.3,True,"[0.25, 1, 0.15, 0.6]",False,False,False,2944395,False,0.0
181,50,50,1000,0.25,25,0.55,10,0,False,False,0.7,0.3,True,"[0.25, 1, 0.15, 0.6]",False,False,False,4242016,True,0.702
182,50,50,1000,0.25,25,0.55,10,0,False,False,0.7,0.3,True,"[0.25, 1, 0.15, 0.6]",False,False,False,5539163,True,0.509
183,50,50,1000,0.25,25,0.55,10,0,False,False,0.7,0.3,True,"[0.25, 1, 0.15, 0.6]",False,False,False,7227571,True,0.823
184,50,50,1000,0.25,25,0.55,10,0,False,False,0.7,0.3,True,"[0.25, 1, 0.15, 0.6]",False,False,False,6414718,False,0.0
185,50,50,1000,0.25,25,0.55,10,0,False,False,0.7,0.3,True,"[0.25, 1, 0.15, 0.6]",False,False,False,5563429,True,0.889
186,50,50,1000,0.25,25,0.55,10,0,False,False,0.7,0.3,True,"[0.25, 1, 0.15, 0.6]",False,False,False,6755808,True,0.478
187,50,50,1000,0.25,25,0.55,10,0,False,False,0.7,0.3,True,"[0.25, 1, 0.15, 0.6]",False,False,False,7678140,False,0.0
188,50,50,1000,0.25,25,0.55,10,0,False,False,0.7,0.3,True,"[0.25, 1, 0.15, 0.6]",False,False,False,596606,False,0.0
189,50,50,1000,0.25,25,0.55,10,0,False,False,0.7,0.3,True,"[0.25, 1, 0.15, 0.6]",False,False,False,8174717,False,0.0
190,50,50,1000,0.25,25,0.55,10,0,False,False,0.7,0.3,True,"[0.25, 1, 0.15, 0.6]",False,False,False,4972417,False,0.0
191,50,50,1000,0.25,25,0.55,10,0,False,False,0.7,0.3,True,"[0.25, 1, 0.15, 0.6]",False,False,False,7866326,False,0.0
192,50,50,1000,0.25,25,0.55,10,0,False,False,0.7,0.3,True,"[0.25, 1, 0.15, 0.6]",False,False,False,3797720,False,0.0
193,50,50,1000,0.25,25,0.55,10,0,False,False,0.7,0.3,True,"[0.25, 1, 0.15, 0.6]",False,False,False,8998737,False,0.0
194,50,50,1000,0.25,25,0.55,10,0,False,False,0.7,0.3,True,"[0.25, 1, 0.15, 0.6]",False,False,False,9663213,True,0.286
195,50,50,1000,0.25,25,0.55,10,0,False,False,0.7,0.3,True,"[0.25, 1, 0.15, 0.6]",False,False,False,5115326,False,0.0
196,50,50,1000,0.25,25,0.55,10,0,False,False,0.7,0.3,True,"[0.25, 1, 0.15, 0.6]",False,False,False,2770834,True,0.593
197,50,50,1000,0.25,25,0.55,10,0,False,False,0.7,0.3,True,"[0.25, 1, 0.15, 0.6]",False,False,False,7296392,True,0.215
198,50,50,1000,0.25,25,0.55,10,0,False,False,0.7,0.3,True,"[0.25, 1, 0.15, 0.6]",False,False,False,7510710,True,0.7
199,50,50,1000,0.25,25,0.55,10,0,False,False,0.7,0.3,True,"[0.25, 1, 0.15, 0.6]",False,False,False,5256599,False,0.0
200,50,50,1000,0.25,25,0.55,10,0,False,False,0.7,0.3,True,"[0.25, 1, 0.2, 0.6]",False,False,False,2987311,False,0.0
201,50,50,1000,0.25,25,0.55,10,0,False,False,0.7,0.3,True,"[0.25, 1, 0.2, 0.6]",False,False,False,6095626,True,0.85
202,50,50,1000,0.25,25,0.55,10,0,False,False,0.7,0.3,True,"[0.25, 1, 0.2, 0.6]",False,False,False,3975188,True,0.925
203,50,50,1000,0.25,25,0.55,10,0,False,False,0.7,0.3,True,"[0.25, 1, 0.2, 0.6]",False,False,False,6588332,True,0.719
204,50,50,1000,0.25,25,0.55,10,0,False,False,0.7,0.3,True,"[0.25, 1, 0.2, 0.6]",False,False,False,2534342,False,0.0
205,50,50,1000,0.25,25,0.55,10,0,False,False,0.7,0.3,True,"[0.25, 1, 0.2, 0.6]",False,False,False,8744673,True,0.06
206,50,50,1000,0.25,25,0.55,10,0,False,False,0.7,0.3,True,"[0.25, 1, 0.2, 0.6]",False,False,False,1780266,True,0.048
207,50,50,1000,0.25,25,0.55,10,0,False,False,0.7,0.3,True,"[0.25, 1, 0.2, 0.6]",False,False,False,4002100,True,0.101
208,50,50,1000,0.25,25,0.55,10,0,False,False,0.7,0.3,True,"[0.25, 1, 0.2, 0.6]",False,False,False,5293586,False,0.0
209,50,50,1000,0.25,25,0.55,10,0,False,False,0.7,0.3,True,"[0.25, 1, 0.2, 0.6]",False,False,False,1104004,False,0.0
210,50,50,1000,0.25,25,0.55,10,0,False,False,0.7,0.3,True,"[0.25, 1, 0.2, 0.6]",False,False,False,1006247,False,0.0
211,50,50,1000,0.25,25,0.55,10,0,False,False,0.7,0.3,True,"[0.25, 1, 0.2, 0.6]",False,False,False,926907,True,0.7
212,50,50,1000,0.25,25,0.55,10,0,False,False,0.7,0.3,True,"[0.25, 1, 0.2, 0.6]",False,False,False,8591835,False,0.0
213,50,50,1000,0.25,25,0.55,10,0,False,False,0.7,0.3,True,"[0.25, 1, 0.2, 0.6]",False,False,False,1465088,False,0.0
214,50,50,1000,0.25,25,0.55,10,0,False,False,0.7,0.3,True,"[0.25, 1, 0.2, 0.6]",False,False,False,8823312,False,0.0
215,50,50,1000,0.25,25,0.55,10,0,False,False,0.7,0.3,True,"[0.25, 1, 0.2, 0.6]",False,False,False,345024,True,0.032
216,50,50,1000,0.25,25,0.55,10,0,False,False,0.7,0.3,True,"[0.25, 1, 0.2, 0.6]",False,False,False,4920672,True,0.067
217,50,50,1000,0.25,25,0.55,10,0,False,False,0.7,0.3,True,"[0.25, 1, 0.2, 0.6]",False,False,False,9558451,True,0.058
218,50,50,1000,0.25,25,0.55,10,0,False,False,0.7,0.3,True,"[0.25, 1, 0.2, 0.6]",False,False,False,7324099,False,0.0
219,50,50,1000,0.25,25,0.55,10,0,False,False,0.7,0.3,True,"[0.25, 1, 0.2, 0.6]",False,False,False,9857318,True,0.913
220,50,50,1000,0.25,25,0.55,10,0,False,False,0.7,0.3,True,"[0.25, 1, 0.2, 0.6]",False,False,False,7090485,False,0.0
221,50,50,1000,0.25,25,0.55,10,0,False,False,0.7,0.3,True,"[0.25, 1, 0.2, 0.6]",False,False,False,8960624,False,0.0
222,50,50,1000,0.25,25,0.55,10,0,False,False,0.7,0.3,True,"[0.25, 1, 0.2, 0.6]",False,False,False,9746411,False,0.0
223,50,50,1000,0.25,25,0.55,10,0,False,False,0.7,0.3,True,"[0.25, 1, 0.2, 0.6]",False,False,False,1142544,True,0.962
224,50,50,1000,0.25,25,0.55,10,0,False,False,0.7,0.3,True,"[0.25, 1, 0.2, 0.6]",False,False,False,2993850,False,0.0
225,50,50,1000,0.25,25,0.55,10,0,False,False,0.7,0.3,True,"[0.25, 1, 0.2, 0.6]",False,False,False,3008726,True,0.131
226,50,50,1000,0.25,25,0.55,10,0,False,False,0.7,0.3,True,"[0.25, 1, 0.2, 0.6]",False,False,False,5180978,False,0.0
227,50,50,1000,0.25,25,0.55,10,0,False,False,0.7,0.3,True,"[0.25, 1, 0.2, 0.6]",False,False,False,4618441,False,0.0
228,50,50,1000,0.25,25,0.55,10,0,False,False,0.7,0.3,True,"[0.25, 1, 0.2, 0.6]",False,False,False,2828575,True,0.25
229,50,50,1000,0.25,25,0.55,10,0,False,False,0.7,0.3,True,"[0.25, 1, 0.2, 0.6]",False,False,False,3427567,False,0.0
230,50,50,1000,0.25,25,0.55,10,0,False,False,0.7,0.3,True,"[0.25, 1, 0.2, 0.6]",False,False,False,957371,True,0.057
231,50,50,1000,0.25,25,0.55,10,0,False,False,0.7,0.3,True,"[0.25, 1, 0.2, 0.6]",False,False,False,8077352,True,0.1
232,50,50,1000,0.25,25,0.55,10,0,False,False,0.7,0.3,True,"[0.25, 1, 0.2, 0.6]",False,False,False,7124732,True,0.85
233,50,50,1000,0.25,25,0.55,10,0,False,False,0.7,0.3,True,"[0.25, 1, 0.2, 0.6]",False,False,False,6291397,False,0.0
234,50,50,1000,0.25,25,0.55,10,0,False,False,0.7,0.3,True,"[0.25, 1, 0.2, 0.6]",False,False,False,3977559,True,0.515
235,50,50,1000,0.25,25,0.55,10,0,False,False,0.7,0.3,True,"[0.25, 1, 0.2, 0.6]",False,False,False,8738891,True,0.812
236,50,50,1000,0.25,25,0.55,10,0,False,False,0.7,0.3,True,"[0.25, 1, 0.2, 0.6]",False,False,False,3821346,True,0.325
237,50,50,1000,0.25,25,0.55,10,0,False,False,0.7,0.3,True,"[0.25, 1, 0.2, 0.6]",False,False,False,598201,False,0.0
238,50,50,1000,0.25,25,0.55,10,0,False,False,0.7,0.3,True,"[0.25, 1, 0.2, 0.6]",False,False,False,1604147,False,0.0
239,50,50,1000,0.25,25,0.55,10,0,False,False,0.7,0.3,True,"[0.25, 1, 0.2, 0.6]",False,False,False,5588064,False,0.0
240,50,50,1000,0.25,25,0.55,10,0,False,False,0.7,0.3,True,"[0.25, 1, 0.2, 0.6]",False,False,False,6483397,True,0.442
241,50,50,1000,0.25,25,0.55,10,0,False,False,0.7,0.3,True,"[0.25, 1, 0.2, 0.6]",False,False,False,1868953,False,0.0
242,50,50,1000,0.25,25,0.55,10,0,False,False,0.7,0.3,True,"[0.25, 1, 0.2, 0.6]",False,False,False,4058987,False,0.0
243,50,50,1000,0.25,25,0.55,10,0,False,False,0.7,0.3,True,"[0.25, 1, 0.2, 0.6]",False,False,False,2128873,True,0.585
244,50,50,1000,0.25,25,0.55,10,0,False,False,0.7,0.3,True,"[0.25, 1, 0.2, 0.6]",False,False,False,7409488,True,0.445
245,50,50,1000,0.25,25,0.55,10,0,False,False,0.7,0.3,True,"[0.25, 1, 0.2, 0.6]",False,False,False,8811641,False,0.0
246,50,50,1000,0.25,25,0.55,10,0,False,False,0.7,0.3,True,"[0.25, 1, 0.2, 0.6]",False,False,False,7561282,False,0.0
247,50,50,1000,0.25,25,0.55,10,0,False,False,0.7,0.3,True,"[0.25, 1, 0.2, 0.6]",False,False,False,7071269,False,0.0
248,50,50,1000,0.25,25,0.55,10,0,False,False,0.7,0.3,True,"[0.25, 1, 0.2, 0.6]",False,False,False,9289476,False,0.0
249,50,50,1000,0.25,25,0.55,10,0,False,False,0.7,0.3,True,"[0.25, 1, 0.2, 0.6]",False,False,False,3729711,True,0.632
250,50,50,1000,0.25,25,0.55,10,0,False,False,0.7,0.3,True,"[0.25, 1, 0.25, 0.6]",False,False,False,8791773,True,0.132
251,50,50,1000,0.25,25,0.55,10,0,False,False,0.7,0.3,True,"[0.25, 1, 0.25, 0.6]",False,False,False,3845449,False,0.0
252,50,50,1000,0.25,25,0.55,10,0,False,False,0.7,0.3,True,"[0.25, 1, 0.25, 0.6]",False,False,False,5891424,False,0.0
253,50,50,1000,0.25,25,0.55,10,0,False,False,0.7,0.3,True,"[0.25, 1, 0.25, 0.6]",False,False,False,7259210,False,0.0
254,50,50,1000,0.25,25,0.55,10,0,False,False,0.7,0.3,True,"[0.25, 1, 0.25, 0.6]",False,False,False,9782896,True,0.956
255,50,50,1000,0.25,25,0.55,10,0,False,False,0.7,0.3,True,"[0.25, 1, 0.25, 0.6]",False,False,False,8396932,True,0.026
256,50,50,1000,0.25,25,0.55,10,0,False,False,0.7,0.3,True,"[0.25, 1, 0.25, 0.6]",False,False,False,5299736,True,0.916
257,50,50,1000,0.25,25,0.55,10,0,False,False,0.7,0.3,True,"[0.25, 1, 0.25, 0.6]",False,False,False,4295033,True,0.096
258,50,50,1000,0.25,25,0.55,10,0,False,False,0.7,0.3,True,"[0.25, 1, 0.25, 0.6]",False,False,False,8495694,True,0.92
259,50,50,1000,0.25,25,0.55,10,0,False,False,0.7,0.3,True,"[0.25, 1, 0.25, 0.6]",False,False,False,5223924,False,0.0
260,50,50,1000,0.25,25,0.55,10,0,False,False,0.7,0.3,True,"[0.25, 1, 0.25, 0.6]",False,False,False,8364515,True,0.402
261,50,50,1000,0.25,25,0.55,10,0,False,False,0.7,0.3,True,"[0.25, 1, 0.25, 0.6]",False,False,False,2250288,False,0.0
262,50,50,1000,0.25,25,0.55,10,0,False,False,0.7,0.3,True,"[0.25, 1, 0.25, 0.6]",False,False,False,2321130,True,0.243
263,50,50,1000,0.25,25,0.55,10,0,False,False,0.7,0.3,True,"[0.25, 1, 0.25, 0.6]",False,False,False,7310632,False,0.0
264,50,50,1000,0.25,25,0.55,10,0,False,False,0.7,0.3,True,"[0.25, 1, 0.25, 0.6]",False,False,False,9005811,False,0.0
265,50,50,1000,0.25,25,0.55,10,0,False,False,0.7,0.3,True,"[0.25, 1, 0.25, 0.6]",False,False,False,6286392,False,0.0
266,50,50,1000,0.25,25,0.55,10,0,False,False,0.7,0.3,True,"[0.25, 1, 0.25, 0.6]",False,False,False,2161383,True,0.667
267,50,50,1000,0.25,25,0.55,10,0,False,False,0.7,0.3,True,"[0.25, 1, 0.25, 0.6]",False,False,False,181112,False,0.0
268,50,50,1000,0.25,25,0.55,10,0,False,False,0.7,0.3,True,"[0.25, 1, 0.25, 0.6]",False,False,False,5754930,False,0.0
269,50,50,1000,0.25,25,0.55,10,0,False,False,0.7,0.3,True,"[0.25, 1, 0.25, 0.6]",False,False,False,7168600,False,0.0
270,50,50,1000,0.25,25,0.55,10,0,False,False,0.7,0.3,True,"[0.25, 1, 0.25, 0.6]",False,False,False,859525,False,0.0
271,50,50,1000,0.25,25,0.55,10,0,False,False,0.7,0.3,True,"[0.25, 1, 0.25, 0.6]",False,False,False,1790213,False,0.0
272,50,50,1000,0.25,25,0.55,10,0,False,False,0.7,0.3,True,"[0.25, 1, 0.25, 0.6]",False,False,False,3741179,True,0.963
273,50,50,1000,0.25,25,0.55,10,0,False,False,0.7,0.3,True,"[0.25, 1, 0.25, 0.6]",False,False,False,8517099,True,0.643
274,50,50,1000,0.25,25,0.55,10,0,False,False,0.7,0.3,True,"[0.25, 1, 0.25, 0.6]",False,False,False,7711815,True,0.895
275,50,50,1000,0.25,25,0.55,10,0,False,False,0.7,0.3,True,"[0.25, 1, 0.25, 0.6]",False,False,False,9496668,True,0.069
276,50,50,1000,0.25,25,0.55,10,0,False,False,0.7,0.3,True,"[0.25, 1, 0.25, 0.6]",False,False,False,8889686,True,0.813
277,50,50,1000,0.25,25,0.55,10,0,False,False,0.7,0.3,True,"[0.25, 1, 0.25, 0.6]",False,False,False,2961465,False,0.0
278,50,50,1000,0.25,25,0.55,10,0,False,False,0.7,0.3,True,"[0.25, 1, 0.25, 0.6]",False,False,False,2499276,False,0.0
279,50,50,1000,0.25,25,0.55,10,0,False,False,0.7,0.3,True,"[0.25, 1, 0.25, 0.6]",False,False,False,6163171,False,0.0
280,50,50,1000,0.25,25,0.55,10,0,False,False,0.7,0.3,True,"[0.25, 1, 0.25, 0.6]",False,False,False,4978981,False,0.0
281,50,50,1000,0.25,25,0.55,10,0,False,False,0.7,0.3,True,"[0.25, 1, 0.25, 0.6]",False,False,False,5305712,True,0.73
282,50,50,1000,0.25,25,0.55,10,0,False,False,0.7,0.3,True,"[0.25, 1, 0.25, 0.6]",False,False,False,9454627,False,0.0
283,50,50,1000,0.25,25,0.55,10,0,False,False,0.7,0.3,True,"[0.25, 1, 0.25, 0.6]",False,False,False,9907631,False,0.0
284,50,50,1000,0.25,25,0.55,10,0,False,False,0.7,0.3,True,"[0.25, 1, 0.25, 0.6]",False,False,False,9871118,True,0.293
285,50,50,1000,0.25,25,0.55,10,0,False,False,0.7,0.3,True,"[0.25, 1, 0.25, 0.6]",False,False,False,9452397,False,0.0
286,50,50,1000,0.25,25,0.55,10,0,False,False,0.7,0.3,True,"[0.25, 1, 0.25, 0.6]",False,False,False,6682611,True,0.065
287,50,50,1000,0.25,25,0.55,10,0,False,False,0.7,0.3,True,"[0.25, 1, 0.25, 0.6]",False,False,False,6398737,False,0.0
288,50,50,1000,0.25,25,0.55,10,0,False,False,0.7,0.3,True,"[0.25, 1, 0.25, 0.6]",False,False,False,1246795,False,0.0
289,50,50,1000,0.25,25,0.55,10,0,False,False,0.7,0.3,True,"[0.25, 1, 0.25, 0.6]",False,False,False,8042438,True,0.733
290,50,50,1000,0.25,25,0.55,10,0,False,False,0.7,0.3,True,"[0.25, 1, 0.25, 0.6]",False,False,False,823124,True,0.953
291,50,50,1000,0.25,25,0.55,10,0,False,False,0.7,0.3,True,"[0.25, 1, 0.25, 0.6]",False,False,False,4994456,False,0.0
292,50,50,1000,0.25,25,0.55,10,0,False,False,0.7,0.3,True,"[0.25, 1, 0.25, 0.6]",False,False,False,5724037,True,0.968
293,50,50,1000,0.25,25,0.55,10,0,False,False,0.7,0.3,True,"[0.25, 1, 0.25, 0.6]",False,False,False,3669203,True,0.739
294,50,50,1000,0.25,25,0.55,10,0,False,False,0.7,0.3,True,"[0.25, 1, 0.25, 0.6]",False,False,False,5651307,True,0.775
295,50,50,1000,0.25,25,0.55,10,0,False,False,0.7,0.3,True,"[0.25, 1, 0.25, 0.6]",False,False,False,789825,False,0.0
296,50,50,1000,0.25,25,0.55,10,0,False,False,0.7,0.3,True,"[0.25, 1, 0.25, 0.6]",False,False,False,7932750,False,0.0
297,50,50,1000,0.25,25,0.55,10,0,False,False,0.7,0.3,True,"[0.25, 1, 0.25, 0.6]",False,False,False,686059,True,0.06
298,50,50,1000,0.25,25,0.55,10,0,False,False,0.7,0.3,True,"[0.25, 1, 0.25, 0.6]",False,False,False,4822271,True,0.175
299,50,50,1000,0.25,25,0.55,10,0,False,False,0.7,0.3,True,"[0.25, 1, 0.25, 0.6]",False,False,False,7658585,True,0.821
300,50,50,1000,0.25,25,0.55,10,0,False,False,0.7,0.3,True,"[0.25, 1, 0.3, 0.6]",False,False,False,9122299,True,0.531
301,50,50,1000,0.25,25,0.55,10,0,False,False,0.7,0.3,True,"[0.25, 1, 0.3, 0.6]",False,False,False,9013646,True,0.473
302,50,50,1000,0.25,25,0.55,10,0,False,False,0.7,0.3,True,"[0.25, 1, 0.3, 0.6]",False,False,False,3647107,False,0.0
303,50,50,1000,0.25,25,0.55,10,0,False,False,0.7,0.3,True,"[0.25, 1, 0.3, 0.6]",False,False,False,9366135,True,0.777
304,50,50,1000,0.25,25,0.55,10,0,False,False,0.7,0.3,True,"[0.25, 1, 0.3, 0.6]",False,False,False,5541408,True,0.326
305,50,50,1000,0.25,25,0.55,10,0,False,False,0.7,0.3,True,"[0.25, 1, 0.3, 0.6]",False,False,False,7070478,True,0.295
306,50,50,1000,0.25,25,0.55,10,0,False,False,0.7,0.3,True,"[0.25, 1, 0.3, 0.6]",False,False,False,7901508,True,0.25
307,50,50,1000,0.25,25,0.55,10,0,False,False,0.7,0.3,True,"[0.25, 1, 0.3, 0.6]",False,False,False,9572036,False,0.0
308,50,50,1000,0.25,25,0.55,10,0,False,False,0.7,0.3,True,"[0.25, 1, 0.3, 0.6]",False,False,False,4715861,False,0.0
309,50,50,1000,0.25,25,0.55,10,0,False,False,0.7,0.3,True,"[0.25, 1, 0.3, 0.6]",False,False,False,9926735,False,0.0
310,50,50,1000,0.25,25,0.55,10,0,False,False,0.7,0.3,True,"[0.25, 1, 0.3, 0.6]",False,False,False,696444,False,0.0
311,50,50,1000,0.25,25,0.55,10,0,False,False,0.7,0.3,True,"[0.25, 1, 0.3, 0.6]",False,False,False,3984049,False,0.0
312,50,50,1000,0.25,25,0.55,10,0,False,False,0.7,0.3,True,"[0.25, 1, 0.3, 0.6]",False,False,False,6036380,True,0.584
313,50,50,1000,0.25,25,0.55,10,0,False,False,0.7,0.3,True,"[0.25, 1, 0.3, 0.6]",False,False,False,7924217,False,0.0
314,50,50,1000,0.25,25,0.55,10,0,False,False,0.7,0.3,True,"[0.25, 1, 0.3, 0.6]",False,False,False,8265607,False,0.0
315,50,50,1000,0.25,25,0.55,10,0,False,False,0.7,0.3,True,"[0.25, 1, 0.3, 0.6]",False,False,False,2112571,True,0.246
316,50,50,1000,0.25,25,0.55,10,0,False,False,0.7,0.3,True,"[0.25, 1, 0.3, 0.6]",False,False,False,1957722,False,0.0
317,50,50,1000,0.25,25,0.55,10,0,False,False,0.7,0.3,True,"[0.25, 1, 0.3, 0.6]",False,False,False,5868013,True,0.175
318,50,50,1000,0.25,25,0.55,10,0,False,False,0.7,0.3,True,"[0.25, 1, 0.3, 0.6]",False,False,False,1185295,True,0.924
319,50,50,1000,0.25,25,0.55,10,0,False,False,0.7,0.3,True,"[0.25, 1, 0.3, 0.6]",False,False,False,352615,False,0.0
320,50,50,1000,0.25,25,0.55,10,0,False,False,0.7,0.3,True,"[0.25, 1, 0.3, 0.6]",False,False,False,336962,True,0.511
321,50,50,1000,0.25,25,0.55,10,0,False,False,0.7,0.3,True,"[0.25, 1, 0.3, 0.6]",False,False,False,7443576,False,0.0
322,50,50,1000,0.25,25,0.55,10,0,False,False,0.7,0.3,True,"[0.25, 1, 0.3, 0.6]",False,False,False,8458898,False,0.0
323,50,50,1000,0.25,25,0.55,10,0,False,False,0.7,0.3,True,"[0.25, 1, 0.3, 0.6]",False,False,False,6834495,True,0.163
324,50,50,1000,0.25,25,0.55,10,0,False,False,0.7,0.3,True,"[0.25, 1, 0.3, 0.6]",False,False,False,3944789,True,0.966
325,50,50,1000,0.25,25,0.55,10,0,False,False,0.7,0.3,True,"[0.25, 1, 0.3, 0.6]",False,False,False,2559849,True,0.912
326,50,50,1000,0.25,25,0.55,10,0,False,False,0.7,0.3,True,"[0.25, 1, 0.3, 0.6]",False,False,False,7197886,True,0.509
327,50,50,1000,0.25,25,0.55,10,0,False,False,0.7,0.3,True,"[0.25, 1, 0.3, 0.6]",False,False,False,7392340,True,0.963
328,50,50,1000,0.25,25,0.55,10,0,False,False,0.7,0.3,True,"[0.25, 1, 0.3, 0.6]",False,False,False,515749,False,0.0
329,50,50,1000,0.25,25,0.55,10,0,False,False,0.7,0.3,True,"[0.25, 1, 0.3, 0.6]",False,False,False,7860794,True,0.124
330,50,50,1000,0.25,25,0.55,10,0,False,False,0.7,0.3,True,"[0.25, 1, 0.3, 0.6]",False,False,False,6531791,False,0.0
331,50,50,1000,0.25,25,0.55,10,0,False,False,0.7,0.3,True,"[0.25, 1, 0.3, 0.6]",False,False,False,1637876,True,0.099
332,50,50,1000,0.25,25,0.55,10,0,False,False,0.7,0.3,True,"[0.25, 1, 0.3, 0.6]",False,False,False,2399326,True,0.254
333,50,50,1000,0.25,25,0.55,10,0,False,False,0.7,0.3,True,"[0.25, 1, 0.3, 0.6]",False,False,False,1978516,False,0.0
334,50,50,1000,0.25,25,0.55,10,0,False,False,0.7,0.3,True,"[0.25, 1, 0.3, 0.6]",False,False,False,6490626,False,0.0
335,50,50,1000,0.25,25,0.55,10,0,False,False,0.7,0.3,True,"[0.25, 1, 0.3, 0.6]",False,False,False,4949488,True,0.023
336,50,50,1000,0.25,25,0.55,10,0,False,False,0.7,0.3,True,"[0.25, 1, 0.3, 0.6]",False,False,False,6778902,False,0.0
337,50,50,1000,0.25,25,0.55,10,0,False,False,0.7,0.3,True,"[0.25, 1, 0.3, 0.6]",False,False,False,3225575,False,0.0
338,50,50,1000,0.25,25,0.55,10,0,False,False,0.7,0.3,True,"[0.25, 1, 0.3, 0.6]",False,False,False,9281599,True,0.25
339,50,50,1000,0.25,25,0.55,10,0,False,False,0.7,0.3,True,"[0.25, 1, 0.3, 0.6]",False,False,False,6743290,False,0.0
340,50,50,1000,0.25,25,0.55,10,0,False,False,0.7,0.3,True,"[0.25, 1, 0.3, 0.6]",False,False,False,3490324,False,0.0
341,50,50,1000,0.25,25,0.55,10,0,False,False,0.7,0.3,True,"[0.25, 1, 0.3, 0.6]",False,False,False,2664467,True,0.732
342,50,50,1000,0.25,25,0.55,10,0,False,False,0.7,0.3,True,"[0.25, 1, 0.3, 0.6]",False,False,False,9667275,True,0.052
343,50,50,1000,0.25,25,0.55,10,0,False,False,0.7,0.3,True,"[0.25, 1, 0.3, 0.6]",False,False,False,9406160,True,0.475
344,50,50,1000,0.25,25,0.55,10,0,False,False,0.7,0.3,True,"[0.25, 1, 0.3, 0.6]",False,False,False,9898475,True,0.956
345,50,50,1000,0.25,25,0.55,10,0,False,False,0.7,0.3,True,"[0.25, 1, 0.3, 0.6]",False,False,False,6838599,False,0.0
346,50,50,1000,0.25,25,0.55,10,0,False,False,0.7,0.3,True,"[0.25, 1, 0.3, 0.6]",False,False,False,9519475,True,0.55
347,50,50,1000,0.25,25,0.55,10,0,False,False,0.7,0.3,True,"[0.25, 1, 0.3, 0.6]",False,False,False,9200664,False,0.0
348,50,50,1000,0.25,25,0.55,10,0,False,False,0.7,0.3,True,"[0.25, 1, 0.3, 0.6]",False,False,False,4993999,False,0.0
349,50,50,1000,0.25,25,0.55,10,0,False,False,0.7,0.3,True,"[0.25, 1, 0.3, 0.6]",False,False,False,4208789,False,0.0
